feature,importance
0348,0.0067721647
0437,0.006751169
0155,0.006710789
1905,0.0065243375
1017,0.006513538
0107,0.0055269734
0595,0.005499103
0046,0.004766312
0745,0.0038545935
3485,0.003519536
0032,0.0034704313
0816,0.0033295134
0754,0.0032546862
0521,0.0029576754
0270,0.002746201
0233,0.0027368392
0660,0.0027315025
0051,0.0026976147
0322,0.0025338607
0150,0.002361446
2614,0.0023108672
0259,0.0022684233
0299,0.0022321483
0491,0.0021934116
3479,0.0021619257
0634,0.0021528583
0687,0.0021374575
0044,0.0020446784
0079,0.0019619612
1690,0.0019413179
0195,0.001940989
0140,0.0018587897
0678,0.0018264803
0165,0.0017706311
0811,0.0017512486
0643,0.0017086954
0231,0.0017011041
0582,0.0016984285
0177,0.0016941155
1597,0.0016658995
1601,0.0016565364
2402,0.0016554721
0584,0.0016528493
1363,0.001650794
0271,0.0016407133
0015,0.0016110158
4152,0.0016106896
2188,0.0016096846
1086,0.001605225
0603,0.0016035804
1467,0.0015912494
2036,0.0015798718
1101,0.0015679674
0291,0.001566033
0101,0.0015608061
0063,0.0015546554
0561,0.0015461817
0893,0.0015360643
2051,0.0015301689
0224,0.0015282374
1079,0.0015179043
0124,0.0015113382
1725,0.001505726
0497,0.0015021112
0296,0.0015011992
0700,0.0015010521
1857,0.0014914087
0576,0.0014821573
0790,0.0014788461
0404,0.0014746388
0274,0.0014690482
0502,0.001463801
2732,0.0014592884
0234,0.0014547509
2167,0.0014422438
0317,0.0014235011
0724,0.0014101913
1484,0.0014014005
0064,0.0013916255
0616,0.0013834585
0917,0.0013786624
2088,0.0013669676
0329,0.0013642663
0714,0.0013523154
1930,0.0013521732
1757,0.0013508006
0857,0.0013459706
2548,0.0013434327
0248,0.0013426373
0662,0.0013350414
0567,0.0013320893
1664,0.0013271637
0238,0.0013151341
0513,0.0013132904
0475,0.0013118968
0438,0.0013020057
0618,0.0012981802
0523,0.001278506
0674,0.0012770088
0627,0.0012753522
2271,0.0012724344
0422,0.0012598905
1294,0.0012588932
0038,0.0012580003
0514,0.0012496279
0580,0.0012487895
0848,0.0012484065
0638,0.0012467348
1869,0.0012458724
2310,0.0012448402
1317,0.0012442701
1349,0.0012422058
1813,0.0012379753
0542,0.0012326168
0800,0.0012320245
0061,0.0012275479
0186,0.0012272513
1077,0.001218412
0962,0.0012157083
2417,0.0012140867
1883,0.0012139089
0363,0.0012127755
3877,0.0012119606
2836,0.001210626
2409,0.0012086885
0598,0.0011991649
1297,0.0011967673
1243,0.0011890813
0734,0.0011824508
0106,0.0011797593
0477,0.001176694
0685,0.0011720965
2298,0.0011690458
0316,0.0011681393
1774,0.0011639486
0464,0.0011624953
1577,0.0011622643
0999,0.001159596
2348,0.0011582128
0986,0.0011579688
0197,0.0011569246
0327,0.0011542733
0490,0.0011524557
1145,0.0011497737
1346,0.0011456496
0173,0.0011432058
4254,0.0011366522
0074,0.0011345133
1033,0.0011341773
0653,0.001129993
0467,0.0011298717
0466,0.001128818
1549,0.001117973
2297,0.0011162068
1056,0.0011149176
0470,0.0011136363
0202,0.0011118129
0235,0.0011096481
0511,0.0011084297
1277,0.0011069891
0391,0.001106727
2254,0.001106569
0715,0.0011024546
1787,0.0011022813
1569,0.0011017104
0539,0.0010991007
0977,0.0010980329
1108,0.0010970853
1606,0.001096726
4329,0.0010945213
2873,0.001092148
4769,0.0010896256
1437,0.0010888029
2275,0.0010877553
2414,0.0010876134
3737,0.0010839412
0368,0.0010826186
0312,0.0010766113
1651,0.0010741524
0809,0.0010733026
0429,0.0010654916
0474,0.0010603146
1081,0.0010578675
0600,0.0010571072
0788,0.0010558179
0388,0.0010551509
0664,0.001055137
1593,0.0010516791
0839,0.0010503354
1987,0.0010501379
0058,0.0010479419
0670,0.0010469521
0037,0.001043687
0383,0.0010427255
0504,0.0010413768
0373,0.0010405205
0604,0.0010400008
0328,0.0010399248
0340,0.001038795
0629,0.0010376364
0122,0.0010357825
1038,0.0010352515
3721,0.0010333539
1082,0.0010325507
1410,0.0010313933
0382,0.0010308882
2800,0.0010273886
1164,0.0010265723
0427,0.0010262347
1557,0.0010262236
2892,0.0010256392
0083,0.0010236851
0829,0.001022161
0406,0.0010214073
1321,0.0010211916
0765,0.001020812
0569,0.0010195272
0910,0.0010193834
3945,0.0010185619
3868,0.0010168395
1303,0.0010159855
3884,0.0010135148
3265,0.0010128334
1105,0.0010084528
0357,0.0010080218
0118,0.0010069596
0104,0.0010054819
0617,0.000998824
0944,0.0009976252
0535,0.0009962092
0957,0.0009942647
0365,0.0009941498
0419,0.0009908545
1384,0.0009901853
1092,0.0009875721
0565,0.0009868043
1976,0.0009860117
0906,0.0009853414
2844,0.0009852757
0088,0.00097609666
1009,0.0009751667
4291,0.0009745251
0258,0.00097174884
2839,0.0009715744
1212,0.0009685205
2357,0.0009668215
1715,0.0009657307
0833,0.0009630574
2017,0.0009626602
1226,0.00096170534
1190,0.00096009625
1428,0.00095943204
1886,0.0009587294
0213,0.00095678784
1343,0.0009566045
0295,0.00095246214
0054,0.00095191476
0323,0.00095177686
1900,0.00095138274
0410,0.0009504861
2597,0.00095024565
0936,0.00094981346
1589,0.0009459907
0760,0.0009446646
0337,0.00094433787
0093,0.0009436247
2649,0.00094324956
3086,0.0009429506
2585,0.0009420789
1265,0.0009415103
0085,0.00094092527
0275,0.0009406755
2064,0.0009402785
3592,0.00093895395
0084,0.0009385171
0885,0.0009381148
2878,0.00093591603
0229,0.00093573186
0626,0.0009354052
0047,0.00093482964
2749,0.0009345186
2924,0.0009343362
1670,0.00093394483
0008,0.0009331339
0872,0.00093219476
0988,0.00093189656
0870,0.000931074
0182,0.0009302699
1315,0.0009302565
0095,0.00092879555
0867,0.0009286065
0362,0.00092856993
0473,0.0009261552
0207,0.00092609756
1187,0.00092477177
0958,0.0009241919
2635,0.00092413666
2135,0.00092346466
0863,0.00092222454
1257,0.00092199486
0860,0.0009215643
2826,0.00092076405
2549,0.0009189007
1221,0.00091699086
0292,0.0009156941
1034,0.00091531436
1319,0.0009147368
1241,0.0009143057
1314,0.000913417
0136,0.0009131047
1451,0.00091259065
0453,0.00091257296
2440,0.0009125217
0694,0.00091057655
1630,0.0009096663
2995,0.0009092329
1293,0.00090855453
1072,0.0009077849
1524,0.00090764754
0730,0.0009071494
1679,0.00090670434
0763,0.0009059427
1347,0.00090524706
0843,0.00090521824
2049,0.0009041882
0041,0.0009038501
0162,0.00090257026
0228,0.0009021799
0844,0.0009005895
0439,0.0008998451
2161,0.0008995568
0198,0.0008994543
0261,0.0008986533
0468,0.0008985363
2370,0.00089746056
1457,0.000897146
0034,0.0008953514
1032,0.0008953389
2345,0.0008952942
0898,0.0008945025
1001,0.0008943086
1877,0.0008930475
1828,0.00089207076
2273,0.00089162774
2413,0.00089149043
2519,0.0008911276
0679,0.0008906971
1515,0.00089030527
2230,0.0008901937
1154,0.0008897117
0858,0.000889242
1264,0.0008892036
0750,0.00088868383
0757,0.0008884641
1612,0.0008873294
2405,0.0008869506
2506,0.0008862197
0560,0.00088610046
0509,0.00088497996
0043,0.00088451785
0613,0.0008840633
2497,0.0008834985
0529,0.0008814074
1320,0.0008810534
3375,0.0008803226
0387,0.000878985
0325,0.00087838375
0493,0.00087549386
0249,0.0008745153
2697,0.0008744631
0496,0.00087379897
0983,0.00087278825
1245,0.00087095564
0886,0.0008706385
0864,0.00086966425
0998,0.0008690505
2201,0.00086887577
2509,0.0008686175
3960,0.00086715986
3213,0.00086654193
0755,0.00086490915
2407,0.0008647425
0381,0.000864739
0218,0.00086459215
1874,0.00086438557
0636,0.0008635699
1439,0.0008625749
0915,0.0008625075
1137,0.00086248235
0307,0.00086077204
3770,0.00086019846
3352,0.0008594877
0813,0.0008591371
2200,0.00085816404
1287,0.00085808185
1699,0.0008575998
1461,0.0008575334
0814,0.00085743604
0756,0.0008557528
1535,0.00085385516
4710,0.0008523406
1966,0.0008509267
1172,0.000850844
0549,0.0008504762
1716,0.00085030845
1901,0.0008502266
0336,0.00084918184
0347,0.00084901287
1069,0.0008483832
0777,0.00084757817
2478,0.000846599
1255,0.0008448764
1453,0.0008440487
1946,0.0008437638
2862,0.0008430221
1201,0.00084284774
1917,0.00084226567
0255,0.0008420271
1095,0.00084081374
2123,0.0008396176
0324,0.0008393673
2471,0.00083877065
0718,0.00083870906
1971,0.00083766517
1244,0.0008369295
0706,0.0008362003
0414,0.0008357961
3174,0.00083549984
1388,0.0008349019
2356,0.0008340253
3288,0.0008339348
0793,0.00083387963
4685,0.00083210616
2418,0.0008311448
0601,0.0008311001
1104,0.0008308923
0341,0.00083040993
0979,0.0008282077
0667,0.0008281648
2874,0.00082800066
4837,0.0008276442
2911,0.0008268756
2813,0.00082632655
0091,0.0008259149
0282,0.0008258895
4895,0.0008252042
2855,0.0008245703
0205,0.0008227747
0671,0.0008226888
0842,0.0008220878
3542,0.00082175696
0310,0.0008216081
2812,0.00082152366
0149,0.0008215204
1435,0.00081961835
0146,0.000819543
3098,0.0008194909
0575,0.0008187188
0719,0.0008178645
3631,0.00081628223
0558,0.0008151945
0537,0.00081511127
0508,0.00081480975
2178,0.00081469613
1847,0.0008142586
0797,0.00081417424
0922,0.0008140529
1804,0.0008133705
0704,0.0008129803
3202,0.00081196614
1812,0.0008116124
2113,0.00081080233
0256,0.0008107866
4102,0.00081076444
0773,0.0008091947
0500,0.0008066023
1763,0.000806034
2331,0.00080549216
1016,0.0008053906
2783,0.0008044038
1839,0.0008036222
1907,0.0008030299
1582,0.0008027525
0995,0.0008021871
0151,0.0008012182
3743,0.0008008649
0849,0.0008008237
0454,0.00080047245
0314,0.0007999299
1706,0.000799574
2443,0.00079930114
1721,0.00079916825
1913,0.0007983358
0837,0.000797727
4531,0.0007976669
1083,0.0007976539
1235,0.0007954072
0253,0.0007953903
2292,0.0007952122
2127,0.0007946422
0421,0.00079464127
1996,0.0007944164
2288,0.0007942932
2751,0.0007941097
2170,0.00079394615
0377,0.0007932899
2332,0.0007929402
1327,0.00079292455
3555,0.00079220964
3317,0.00079180615
0315,0.0007915226
0927,0.0007914792
2185,0.00078963186
0845,0.00078915723
2285,0.0007891568
1941,0.0007890659
1992,0.0007878352
0550,0.00078782666
1965,0.0007875703
0135,0.00078742526
1819,0.0007871351
3818,0.000787115
2041,0.00078706007
0407,0.0007870007
1208,0.00078552327
1823,0.0007852678
2141,0.00078516494
2532,0.0007850966
0461,0.00078482064
2422,0.0007847291
2179,0.0007844976
0245,0.0007836225
1254,0.00078308914
2231,0.0007827071
0992,0.00078237546
2148,0.0007815813
3054,0.0007812053
0049,0.0007811693
0385,0.0007807775
0075,0.0007796698
4993,0.0007794969
2574,0.00077825214
4173,0.00077821425
0869,0.00077694404
2267,0.0007768052
1010,0.00077676977
3447,0.00077663467
2897,0.0007763862
1611,0.0007761568
1758,0.00077593856
1616,0.0007758475
1491,0.0007749615
1323,0.0007749479
1703,0.00077477004
0702,0.00077456573
1040,0.00077343
0659,0.0007721281
2636,0.00077211554
0840,0.00077186007
0874,0.00077108963
3746,0.0007703304
3096,0.00076952396
2500,0.0007688562
0877,0.0007683271
1080,0.0007676138
0268,0.0007667081
0526,0.0007665742
2766,0.0007664656
0672,0.0007652778
2134,0.00076507835
3465,0.0007646872
2647,0.0007638323
1783,0.0007637996
1814,0.0007633132
0384,0.00076327013
0030,0.0007626378
0681,0.00076260604
0148,0.00076222833
0966,0.00076222484
0764,0.0007587546
3289,0.00075851765
3897,0.0007582283
0779,0.00075785816
2002,0.00075773365
2805,0.00075719657
2501,0.0007559623
0090,0.0007553965
2673,0.00075468235
0247,0.0007541845
1660,0.0007532188
0264,0.00075275806
0588,0.0007526275
0639,0.0007523189
0476,0.0007522979
0417,0.0007522629
1024,0.00075201
0187,0.00075193174
0077,0.00075186044
2090,0.0007507776
2072,0.0007507598
2333,0.0007504378
1696,0.0007495239
1302,0.0007484302
1498,0.00074733054
4480,0.0007472949
0171,0.0007470789
0396,0.0007454357
0536,0.00074536196
1604,0.00074512744
3191,0.000743843
0501,0.0007431579
1178,0.0007417031
1298,0.0007404944
0215,0.0007403995
3269,0.0007403933
0456,0.0007401636
0152,0.00073965016
0355,0.00073931593
0573,0.00073873793
1672,0.00073843915
2568,0.0007379856
1133,0.0007377562
0369,0.0007365699
4908,0.0007362544
0284,0.0007361719
2596,0.00073586364
4183,0.0007354613
0753,0.0007349026
0016,0.0007347225
1291,0.000734555
0661,0.00073447626
2342,0.00073387515
1735,0.00073359377
2066,0.000732935
0954,0.0007327966
0471,0.00073221803
0592,0.00073185004
1786,0.00073150476
2375,0.000730491
0073,0.00073005236
0098,0.0007295631
0557,0.0007293342
2158,0.0007287064
0481,0.00072842557
0673,0.0007279233
2948,0.00072745024
1678,0.00072683307
0045,0.0007250289
0450,0.0007248997
2799,0.0007245721
1118,0.0007237244
0076,0.00072362355
1466,0.00072344043
1443,0.0007232936
2222,0.00072298315
0080,0.0007229475
3838,0.000722268
2229,0.00072208693
2287,0.0007216758
0096,0.0007216096
0570,0.00072116044
2756,0.0007210408
3472,0.00072093174
2347,0.00072084746
0897,0.0007203035
2037,0.0007192186
3689,0.0007191327
1353,0.0007189703
1558,0.0007184332
0740,0.00071823585
0789,0.000717302
2795,0.0007169937
1405,0.00071646133
2849,0.00071555923
0495,0.0007153483
2363,0.0007150293
1007,0.000714984
3295,0.0007147562
1641,0.00071372377
0334,0.0007134213
1547,0.000713286
0022,0.0007131385
0455,0.0007128349
0881,0.0007127288
0518,0.000712166
3017,0.00071162026
1438,0.0007110371
0216,0.0007099632
0705,0.0007094855
2784,0.00070912007
1617,0.0007077555
0980,0.0007077293
1322,0.0007076658
1427,0.0007073975
1479,0.0007073917
0139,0.00070588506
2955,0.0007051745
0302,0.00070446485
3080,0.00070246716
3836,0.0007015476
0395,0.0007013128
0556,0.00070105836
1579,0.0007008903
1288,0.0007006989
1135,0.0006998846
1627,0.0006996936
2098,0.0006993688
4752,0.0006986983
0677,0.00069865625
2213,0.0006981486
2722,0.0006979357
3038,0.00069778814
1777,0.0006976739
1205,0.00069748546
0157,0.00069742376
0794,0.00069717277
1378,0.000697012
2626,0.00069699524
0105,0.00069648377
0435,0.0006964471
1517,0.0006962458
1326,0.000695334
1189,0.00069530465
2601,0.0006952415
0272,0.00069506024
0689,0.00069429015
3968,0.0006942517
0590,0.0006941282
1712,0.00069400895
1674,0.0006939694
3758,0.0006930302
4539,0.00069301797
1224,0.0006923545
1107,0.0006922936
0929,0.000692282
0351,0.0006914966
0172,0.0006909278
3803,0.0006907352
1938,0.0006906844
0019,0.00068981823
1249,0.0006894498
2317,0.00068924594
4158,0.00068881264
1602,0.0006885266
1047,0.00068840315
1365,0.000688094
2804,0.00068805175
1585,0.00068775326
4338,0.0006869256
1637,0.0006866449
0402,0.0006859303
1934,0.0006857253
1652,0.00068512664
3629,0.0006834401
1959,0.0006833372
3249,0.00068331975
0460,0.0006816016
1335,0.0006810914
2237,0.0006807203
2265,0.00068068237
2552,0.00068004144
0920,0.00067999365
0338,0.00067967555
1447,0.0006794404
3116,0.0006784148
0645,0.0006782292
1406,0.000677926
0103,0.0006778923
1018,0.0006766584
0050,0.0006765727
0747,0.00067626697
1066,0.0006757814
3886,0.00067515555
0372,0.0006749508
0305,0.00067480694
3220,0.00067452964
0188,0.0006735323
3415,0.00067348446
0607,0.0006726473
0433,0.0006723208
2269,0.00067230576
1752,0.0006717237
0650,0.0006716218
2346,0.00067099737
1903,0.00067075726
0035,0.0006706045
0376,0.00067003723
2096,0.00066990894
0100,0.0006692557
1123,0.000668418
1967,0.00066796376
4491,0.0006679482
0129,0.000667695
1956,0.00066603965
0113,0.00066531653
2139,0.0006652958
0489,0.000665288
1868,0.00066525594
0176,0.00066413975
0192,0.00066272385
0115,0.00066220725
3670,0.00066220015
2130,0.000662129
1232,0.00066169305
1369,0.00066110265
0832,0.00066088024
0393,0.0006606689
0738,0.0006603697
2069,0.0006594008
0280,0.0006591909
1748,0.0006574715
0033,0.0006569017
1525,0.0006566121
1117,0.00065642496
2694,0.00065597246
0130,0.0006554919
2309,0.0006548017
3547,0.00065424317
3470,0.0006542235
2075,0.00065264
4437,0.00065261737
2388,0.0006518644
3067,0.00065177085
2319,0.0006508595
0621,0.00065082184
0241,0.0006505622
1830,0.00064959604
3819,0.0006495273
1546,0.00064923795
2915,0.00064908084
0710,0.0006480452
3719,0.0006477689
1396,0.000647746
0828,0.00064767397
0243,0.0006476065
2981,0.0006475058
1413,0.0006472402
1769,0.0006470744
1341,0.0006467513
0574,0.00064597884
1342,0.00064551
1068,0.0006453048
4106,0.0006451606
0398,0.0006434751
2871,0.00064337713
0240,0.00064251706
0164,0.0006416147
0507,0.0006397496
4139,0.0006393843
0031,0.00063895184
4635,0.00063763326
1006,0.00063651486
0510,0.0006353557
2512,0.00063518004
1675,0.00063471915
0209,0.00063452596
0087,0.00063415675
0252,0.00063397584
0961,0.0006333208
3495,0.00063281896
0184,0.00063209265
0114,0.00063205115
2321,0.0006310423
0333,0.0006306474
1776,0.00063062564
0072,0.0006306057
0985,0.00063037215
1851,0.0006299826
1972,0.0006290965
1929,0.0006280075
0286,0.0006275096
0206,0.00062735303
2233,0.0006263144
1182,0.0006262685
0086,0.0006260248
3663,0.0006256104
3093,0.00062471314
1246,0.0006243375
0042,0.00062351517
0078,0.0006235062
0951,0.00062342454
1065,0.00062316353
0834,0.00062302523
1790,0.0006229529
1216,0.0006224384
4322,0.0006217738
2424,0.00062068424
4100,0.0006203838
2129,0.0006193425
0838,0.0006186698
2187,0.0006183427
0515,0.00061824033
1709,0.0006181375
2451,0.0006172506
0608,0.00061671546
2169,0.00061644264
0965,0.0006150691
1802,0.00061503024
0099,0.00061404443
0001,0.0006136887
2328,0.00061366626
3342,0.0006127156
4196,0.00061242597
1624,0.0006114229
3805,0.0006101475
0926,0.00060979434
3303,0.000608094
0723,0.000606423
0359,0.0006062861
2018,0.00060569536
0991,0.0006042921
2516,0.0006039058
0444,0.00060295354
0279,0.0006023254
1283,0.00060225895
0006,0.00060151075
2594,0.00060115254
2456,0.0006009323
2929,0.00060064555
2771,0.0006006279
0201,0.000600442
1770,0.0006002762
0004,0.0005994827
2475,0.00059908035
4624,0.00059844524
0379,0.000597991
0579,0.0005961645
1950,0.00059431064
0540,0.0005939546
0119,0.0005915838
0731,0.0005912437
0300,0.0005908739
2917,0.0005905292
0097,0.00058986794
1356,0.000589325
0067,0.00058887724
4126,0.00058877986
0121,0.0005887246
1998,0.000588326
0690,0.0005881959
0179,0.00058764947
0545,0.00058727514
0928,0.0005859522
1310,0.0005858803
0036,0.0005855823
0239,0.0005855785
1555,0.00058519637
0163,0.00058474246
0048,0.00058447017
0069,0.0005840462
0423,0.0005838241
0071,0.0005833128
2457,0.0005824214
1942,0.0005820606
1286,0.00058131653
0306,0.00058000354
0854,0.0005783185
0138,0.0005780826
0127,0.0005777809
1609,0.0005759567
0081,0.00057307025
0018,0.0005727837
3012,0.00057234283
2908,0.0005713164
2504,0.00057000475
1738,0.0005682826
0062,0.0005682693
0144,0.0005680937
1000,0.00056765875
0089,0.0005674537
1022,0.00056686124
3095,0.00056604296
0267,0.00056484353
3731,0.00056476623
0392,0.0005638136
0065,0.0005631277
1036,0.0005617976
0007,0.00056153274
0200,0.00056093116
0166,0.00056078046
0193,0.0005595663
0408,0.000559072
0027,0.00055827515
0350,0.00055746874
0415,0.0005553661
0749,0.00055459613
0802,0.0005545442
0109,0.0005525905
0824,0.00055234093
0082,0.00055194146
0147,0.0005504567
1094,0.0005493351
1817,0.0005488672
0158,0.0005453262
0366,0.0005450956
1542,0.00054190535
0039,0.0005417883
2760,0.00054138305
0123,0.0005408512
4756,0.00054028706
3044,0.00054022105
0020,0.00054000935
0551,0.00053780683
0169,0.0005375139
0263,0.0005362059
0028,0.00053536956
0371,0.00053536013
0137,0.00053428474
0290,0.0005336062
0145,0.0005327158
0203,0.0005298705
0606,0.0005285113
0185,0.00052827474
1348,0.00052740163
0265,0.00052710506
0168,0.00052348635
1328,0.00052329083
0230,0.00052304164
0112,0.00052235206
3529,0.0005222568
1272,0.0005219554
0227,0.00052174396
0244,0.00052038446
0070,0.00051463034
0534,0.0005120133
0273,0.0005106075
0108,0.0005103409
0125,0.0005092858
0191,0.0005089812
0483,0.0005079742
0092,0.0005050651
1061,0.0005047005
0932,0.0005035263
3965,0.000503354
0057,0.00050202204
0420,0.0005007874
1564,0.00050008576
0269,0.00049927464
0602,0.0004964177
0178,0.00049414195
0196,0.0004912884
0278,0.0004908607
0094,0.0004903479
0055,0.00048962515
0131,0.00048801568
0208,0.0004878123
0141,0.00048687644
0294,0.00048595987
0217,0.00048269753
0012,0.00048091827
0023,0.00048037368
0025,0.0004801146
0541,0.00047836357
0331,0.0004749396
0110,0.00047274784
0370,0.00047170767
0288,0.00047096267
0344,0.0004704938
0056,0.00046698592
0190,0.0004665115
0297,0.00046462778
0068,0.00046455945
0318,0.00046417842
1936,0.00046369812
0126,0.00046015135
0505,0.00045893673
0457,0.00045785267
0462,0.00045761687
0003,0.0004575081
2672,0.0004550136
0053,0.0004512141
0303,0.00044995034
0425,0.00044902222
0128,0.00044716595
0913,0.00044614254
0021,0.0004457814
0287,0.0004438626
0010,0.00044334398
0378,0.0004400829
0226,0.00043740665
0342,0.00043561327
0060,0.0004348166
0040,0.00042813184
0102,0.0004266482
0013,0.00042638116
0180,0.00042229085
0005,0.00042006117
0199,0.00041814032
0220,0.0004153718
0014,0.0004139113
0615,0.00041196484
0609,0.00040974581
0017,0.00040912305
0011,0.00040703538
0133,0.0004068362
0160,0.00040655636
0026,0.00040650967
0143,0.00040552253
0319,0.0004049336
0009,0.00040108996
0360,0.00040059324
0181,0.00040044793
2553,0.00039964868
0024,0.00039914364
0156,0.00039617895
0142,0.0003938057
0693,0.00039248442
0134,0.0003922259
0852,0.00039055492
0469,0.0003887917
0442,0.00038866766
0052,0.0003866374
0219,0.00038321852
0002,0.00038043942
0257,0.0003720495
1046,0.00037085495
1085,0.00037067925
0117,0.00037023044
0214,0.00036851014
0301,0.00036504888
0029,0.0003649328
0400,0.0003621532
0594,0.00035239782
3274,0.00035032857
0771,0.00035000793
0175,0.00034982496
0153,0.0003488364
0386,0.00034618436
0120,0.00034477172
0899,0.00033899624
0447,0.0003355148
0221,0.00033141836
0293,0.000329885
0538,0.00032066053
0783,0.0003140568
0374,0.00031073779
0066,0.0003095423
0522,0.0003070487
0478,0.00030595105
0524,0.00030223402
0225,0.0002934507
1253,0.00029079223
0530,0.00029003233
0729,0.00028263204
0403,0.00027724748
0577,0.0002626982
0866,0.0002608219
0313,0.00025816204
0691,0.00025393176
0154,0.0002535889
0223,0.00024247468
0251,0.00023470602
0161,0.0002299536
0189,0.00022182042
3703,0.0
3702,0.0
3701,0.0
3700,0.0
3713,0.0
3699,0.0
3698,0.0
3697,0.0
3714,0.0
3696,0.0
3715,0.0
3695,0.0
3694,0.0
3693,0.0
3692,0.0
3691,0.0
3716,0.0
3717,0.0
3724,0.0
3723,0.0
3722,0.0
3720,0.0
3718,0.0
3704,0.0
3666,0.0
3665,0.0
3664,0.0
3662,0.0
3661,0.0
3660,0.0
3659,0.0
3658,0.0
3657,0.0
3656,0.0
3690,0.0
3688,0.0
3687,0.0
3674,0.0
3685,0.0
3684,0.0
3683,0.0
3682,0.0
3681,0.0
3680,0.0
3679,0.0
3678,0.0
3677,0.0
3676,0.0
3675,0.0
3712,0.0
3706,0.0
3705,0.0
3686,0.0
3742,0.0
3741,0.0
3740,0.0
3739,0.0
3738,0.0
3736,0.0
3735,0.0
3771,0.0
3769,0.0
3768,0.0
3767,0.0
3766,0.0
3765,0.0
3764,0.0
3709,0.0
3762,0.0
3761,0.0
3760,0.0
3759,0.0
3757,0.0
3756,0.0
3755,0.0
3754,0.0
3787,0.0
3786,0.0
3785,0.0
3784,0.0
3783,0.0
3782,0.0
3763,0.0
3711,0.0
3710,0.0
3667,0.0
3708,0.0
3707,0.0
3734,0.0
3733,0.0
3732,0.0
3730,0.0
0353,0.0
0352,0.0
0349,0.0
0346,0.0
0345,0.0
3744,0.0
0339,0.0
3729,0.0
3728,0.0
3727,0.0
3726,0.0
3725,0.0
3753,0.0
3752,0.0
3751,0.0
3750,0.0
3749,0.0
3748,0.0
3747,0.0
3745,0.0
0343,0.0
3567,0.0
3566,0.0
3565,0.0
3564,0.0
3563,0.0
3595,0.0
3594,0.0
3593,0.0
3591,0.0
3590,0.0
3589,0.0
3588,0.0
3587,0.0
3586,0.0
3668,0.0
3584,0.0
3583,0.0
3582,0.0
3581,0.0
3580,0.0
3579,0.0
3611,0.0
3610,0.0
3609,0.0
3608,0.0
3607,0.0
3606,0.0
3605,0.0
3604,0.0
3585,0.0
3533,0.0
3532,0.0
3531,0.0
3530,0.0
3562,0.0
3561,0.0
3560,0.0
3559,0.0
3558,0.0
3557,0.0
3556,0.0
3554,0.0
3553,0.0
3552,0.0
3568,0.0
3550,0.0
3549,0.0
3548,0.0
3546,0.0
3545,0.0
3578,0.0
3577,0.0
3576,0.0
3575,0.0
3574,0.0
3573,0.0
3572,0.0
3571,0.0
3570,0.0
3569,0.0
3551,0.0
3637,0.0
3636,0.0
3635,0.0
3634,0.0
3633,0.0
3632,0.0
3630,0.0
3628,0.0
3655,0.0
3654,0.0
3653,0.0
3652,0.0
3651,0.0
3650,0.0
3603,0.0
0364,0.0
0361,0.0
0358,0.0
0356,0.0
0354,0.0
3649,0.0
3648,0.0
3647,0.0
3646,0.0
3673,0.0
3672,0.0
3671,0.0
3669,0.0
3781,0.0
0367,0.0
3602,0.0
3601,0.0
3600,0.0
3599,0.0
3598,0.0
3597,0.0
3596,0.0
3627,0.0
3626,0.0
3625,0.0
3624,0.0
3623,0.0
3622,0.0
3621,0.0
3638,0.0
3619,0.0
3618,0.0
3617,0.0
3616,0.0
3615,0.0
3614,0.0
3613,0.0
3612,0.0
3645,0.0
3644,0.0
3643,0.0
3642,0.0
3641,0.0
3640,0.0
3639,0.0
3620,0.0
3916,0.0
3915,0.0
3947,0.0
3946,0.0
3944,0.0
3943,0.0
3942,0.0
3941,0.0
3940,0.0
3939,0.0
3938,0.0
3937,0.0
3936,0.0
3935,0.0
3778,0.0
3933,0.0
3932,0.0
3931,0.0
3957,0.0
3956,0.0
3955,0.0
3954,0.0
0289,0.0
0285,0.0
0283,0.0
0281,0.0
0277,0.0
0276,0.0
3953,0.0
3934,0.0
3914,0.0
3913,0.0
3912,0.0
3911,0.0
3910,0.0
3909,0.0
3908,0.0
3907,0.0
3906,0.0
3905,0.0
3904,0.0
3903,0.0
3902,0.0
3901,0.0
3917,0.0
3899,0.0
3930,0.0
3929,0.0
3928,0.0
3927,0.0
3926,0.0
3925,0.0
3924,0.0
3923,0.0
3922,0.0
3921,0.0
3920,0.0
3919,0.0
3918,0.0
3900,0.0
3982,0.0
3981,0.0
3980,0.0
3979,0.0
3978,0.0
3977,0.0
4008,0.0
4007,0.0
4006,0.0
4005,0.0
4004,0.0
4003,0.0
4002,0.0
4001,0.0
3952,0.0
3999,0.0
3998,0.0
3997,0.0
3996,0.0
3995,0.0
3994,0.0
3993,0.0
4024,0.0
4023,0.0
4022,0.0
4021,0.0
4020,0.0
4019,0.0
4018,0.0
4000,0.0
3951,0.0
3950,0.0
3949,0.0
3948,0.0
3976,0.0
3975,0.0
3974,0.0
3973,0.0
3972,0.0
3971,0.0
3970,0.0
3969,0.0
3967,0.0
3966,0.0
3983,0.0
3963,0.0
3962,0.0
3961,0.0
3959,0.0
3958,0.0
3992,0.0
3991,0.0
3990,0.0
3989,0.0
3988,0.0
3987,0.0
3986,0.0
3985,0.0
3984,0.0
3964,0.0
3812,0.0
3811,0.0
3810,0.0
3809,0.0
3808,0.0
3807,0.0
3806,0.0
3804,0.0
3802,0.0
3801,0.0
3800,0.0
3835,0.0
3834,0.0
3833,0.0
3880,0.0
3831,0.0
3830,0.0
3829,0.0
3828,0.0
3827,0.0
3826,0.0
3825,0.0
3824,0.0
3823,0.0
3822,0.0
3821,0.0
3820,0.0
3853,0.0
3852,0.0
3832,0.0
3780,0.0
3779,0.0
3534,0.0
3777,0.0
3776,0.0
3775,0.0
3774,0.0
3773,0.0
3772,0.0
3799,0.0
3798,0.0
3797,0.0
3796,0.0
3795,0.0
3813,0.0
0335,0.0
0332,0.0
0330,0.0
0326,0.0
3793,0.0
3792,0.0
3791,0.0
3790,0.0
3789,0.0
3788,0.0
3817,0.0
3816,0.0
3815,0.0
3814,0.0
3794,0.0
3876,0.0
3875,0.0
3874,0.0
0304,0.0
0298,0.0
3873,0.0
3872,0.0
3871,0.0
3870,0.0
3869,0.0
3867,0.0
3866,0.0
3865,0.0
3864,0.0
3851,0.0
3896,0.0
3895,0.0
3894,0.0
3893,0.0
3892,0.0
3891,0.0
3890,0.0
3889,0.0
3888,0.0
3887,0.0
3885,0.0
3883,0.0
3882,0.0
3881,0.0
3898,0.0
3850,0.0
3849,0.0
3848,0.0
3847,0.0
3846,0.0
3845,0.0
3844,0.0
3843,0.0
3842,0.0
3841,0.0
3840,0.0
3839,0.0
3837,0.0
3863,0.0
3878,0.0
3861,0.0
3860,0.0
3859,0.0
3858,0.0
0321,0.0
0320,0.0
0311,0.0
0309,0.0
0308,0.0
3857,0.0
3856,0.0
3855,0.0
3854,0.0
3879,0.0
3862,0.0
3224,0.0
3223,0.0
3222,0.0
3221,0.0
3219,0.0
3218,0.0
0449,0.0
0448,0.0
0446,0.0
0445,0.0
0443,0.0
0441,0.0
0440,0.0
0436,0.0
3537,0.0
3217,0.0
3240,0.0
3239,0.0
3238,0.0
3237,0.0
3236,0.0
3235,0.0
3234,0.0
3233,0.0
3232,0.0
3231,0.0
3230,0.0
3229,0.0
3228,0.0
0434,0.0
3196,0.0
3195,0.0
3194,0.0
3193,0.0
3192,0.0
3190,0.0
3189,0.0
3188,0.0
3187,0.0
3186,0.0
3185,0.0
3184,0.0
3183,0.0
3182,0.0
3199,0.0
3215,0.0
3214,0.0
3212,0.0
3211,0.0
3210,0.0
3209,0.0
3208,0.0
3207,0.0
3206,0.0
3205,0.0
3204,0.0
3203,0.0
3201,0.0
3200,0.0
3216,0.0
3261,0.0
3260,0.0
3259,0.0
3258,0.0
3285,0.0
3284,0.0
3283,0.0
3282,0.0
0432,0.0
0431,0.0
0430,0.0
0428,0.0
0426,0.0
0424,0.0
3227,0.0
3281,0.0
3280,0.0
3279,0.0
3278,0.0
3277,0.0
3305,0.0
3304,0.0
3302,0.0
3301,0.0
3300,0.0
3299,0.0
3298,0.0
3297,0.0
3296,0.0
0418,0.0
3226,0.0
3225,0.0
3257,0.0
3256,0.0
3255,0.0
3254,0.0
3253,0.0
3252,0.0
3251,0.0
3250,0.0
3248,0.0
3247,0.0
3246,0.0
3245,0.0
3262,0.0
3243,0.0
3242,0.0
3241,0.0
3276,0.0
3275,0.0
3273,0.0
3272,0.0
3271,0.0
3270,0.0
3268,0.0
3267,0.0
3266,0.0
3264,0.0
3263,0.0
3244,0.0
0459,0.0
0458,0.0
0452,0.0
0451,0.0
3089,0.0
3088,0.0
3087,0.0
3085,0.0
3115,0.0
3114,0.0
3113,0.0
3112,0.0
3111,0.0
3110,0.0
3197,0.0
3108,0.0
3107,0.0
3106,0.0
3105,0.0
3104,0.0
3103,0.0
3102,0.0
3101,0.0
3100,0.0
3132,0.0
3131,0.0
3130,0.0
3129,0.0
3128,0.0
3109,0.0
3056,0.0
3055,0.0
3053,0.0
3052,0.0
3051,0.0
3050,0.0
3084,0.0
3083,0.0
3082,0.0
3081,0.0
3079,0.0
3078,0.0
3077,0.0
3076,0.0
0463,0.0
3074,0.0
3073,0.0
3072,0.0
3071,0.0
3070,0.0
3069,0.0
3068,0.0
3099,0.0
3097,0.0
3094,0.0
3092,0.0
3091,0.0
3090,0.0
0465,0.0
3075,0.0
3160,0.0
3159,0.0
3158,0.0
3157,0.0
3156,0.0
3155,0.0
3154,0.0
3153,0.0
3152,0.0
3151,0.0
3150,0.0
3149,0.0
3181,0.0
3180,0.0
3127,0.0
3178,0.0
3177,0.0
3176,0.0
3175,0.0
3173,0.0
3172,0.0
3171,0.0
3170,0.0
3169,0.0
3168,0.0
3167,0.0
3166,0.0
3165,0.0
3198,0.0
3179,0.0
3126,0.0
3125,0.0
3124,0.0
3123,0.0
3122,0.0
3121,0.0
3120,0.0
3119,0.0
3118,0.0
3117,0.0
3148,0.0
3147,0.0
3146,0.0
3145,0.0
3161,0.0
3143,0.0
3142,0.0
3141,0.0
3140,0.0
3139,0.0
3138,0.0
3137,0.0
3136,0.0
3135,0.0
3134,0.0
3133,0.0
3164,0.0
3163,0.0
3162,0.0
3144,0.0
3462,0.0
3461,0.0
3460,0.0
3459,0.0
3458,0.0
3457,0.0
3456,0.0
3455,0.0
3454,0.0
3453,0.0
3452,0.0
3451,0.0
3450,0.0
3449,0.0
3294,0.0
3483,0.0
3482,0.0
3481,0.0
3480,0.0
3478,0.0
3477,0.0
3476,0.0
3475,0.0
3474,0.0
3473,0.0
3471,0.0
3469,0.0
3468,0.0
3467,0.0
3484,0.0
3435,0.0
3434,0.0
3433,0.0
3432,0.0
3431,0.0
3430,0.0
3429,0.0
3428,0.0
3427,0.0
3426,0.0
3425,0.0
3424,0.0
3423,0.0
3448,0.0
3463,0.0
3445,0.0
3444,0.0
3443,0.0
3442,0.0
0416,0.0
0413,0.0
0412,0.0
0411,0.0
0409,0.0
0405,0.0
3441,0.0
3440,0.0
3439,0.0
3464,0.0
3446,0.0
3498,0.0
3497,0.0
3528,0.0
3527,0.0
3526,0.0
3525,0.0
3524,0.0
3523,0.0
3522,0.0
3521,0.0
3520,0.0
3519,0.0
3518,0.0
3517,0.0
3466,0.0
3515,0.0
3514,0.0
3513,0.0
3544,0.0
3543,0.0
3541,0.0
3540,0.0
3539,0.0
3538,0.0
0380,0.0
0375,0.0
4017,0.0
3536,0.0
3535,0.0
3516,0.0
3496,0.0
3494,0.0
3493,0.0
3492,0.0
3491,0.0
3490,0.0
0401,0.0
0399,0.0
0397,0.0
0394,0.0
0390,0.0
0389,0.0
3489,0.0
3488,0.0
3499,0.0
3486,0.0
3512,0.0
3511,0.0
3510,0.0
3509,0.0
3508,0.0
3507,0.0
3506,0.0
3505,0.0
3504,0.0
3503,0.0
3502,0.0
3501,0.0
3500,0.0
3487,0.0
3330,0.0
3329,0.0
3328,0.0
3327,0.0
3326,0.0
3325,0.0
3324,0.0
3323,0.0
3356,0.0
3355,0.0
3354,0.0
3353,0.0
3351,0.0
3350,0.0
3436,0.0
3348,0.0
3347,0.0
3346,0.0
3345,0.0
3344,0.0
3343,0.0
3341,0.0
3340,0.0
3339,0.0
3372,0.0
3371,0.0
3370,0.0
3369,0.0
3368,0.0
3349,0.0
3293,0.0
3292,0.0
3291,0.0
3290,0.0
3287,0.0
3286,0.0
3322,0.0
3321,0.0
3320,0.0
3319,0.0
3318,0.0
3316,0.0
3315,0.0
3314,0.0
3331,0.0
3312,0.0
3311,0.0
3310,0.0
3309,0.0
3308,0.0
3307,0.0
3306,0.0
3338,0.0
3337,0.0
3336,0.0
3335,0.0
3334,0.0
3333,0.0
3332,0.0
3313,0.0
3400,0.0
3399,0.0
3398,0.0
3397,0.0
3396,0.0
3395,0.0
3394,0.0
3393,0.0
3392,0.0
3391,0.0
3390,0.0
3422,0.0
3421,0.0
3420,0.0
3367,0.0
3418,0.0
3417,0.0
3416,0.0
3414,0.0
3413,0.0
3412,0.0
3411,0.0
3410,0.0
3409,0.0
3408,0.0
3407,0.0
3406,0.0
3438,0.0
3437,0.0
3419,0.0
3366,0.0
3365,0.0
3364,0.0
3363,0.0
3362,0.0
3361,0.0
3360,0.0
3359,0.0
3358,0.0
3357,0.0
3389,0.0
3388,0.0
3387,0.0
3386,0.0
3401,0.0
3384,0.0
3383,0.0
3382,0.0
3381,0.0
3380,0.0
3379,0.0
3378,0.0
3377,0.0
3376,0.0
3374,0.0
3373,0.0
3405,0.0
3404,0.0
3403,0.0
3402,0.0
3385,0.0
4663,0.0
4662,0.0
4661,0.0
4660,0.0
4659,0.0
4658,0.0
4657,0.0
4656,0.0
4655,0.0
4654,0.0
4653,0.0
4652,0.0
4651,0.0
4679,0.0
4014,0.0
4677,0.0
4676,0.0
4675,0.0
4674,0.0
0174,0.0
0170,0.0
0167,0.0
4673,0.0
4672,0.0
4671,0.0
4670,0.0
4669,0.0
4668,0.0
4667,0.0
4678,0.0
4628,0.0
4627,0.0
4626,0.0
4625,0.0
4623,0.0
4622,0.0
4621,0.0
4620,0.0
4619,0.0
4618,0.0
4617,0.0
4650,0.0
4649,0.0
4648,0.0
4664,0.0
4646,0.0
4645,0.0
4644,0.0
4643,0.0
4642,0.0
4641,0.0
4640,0.0
4639,0.0
4638,0.0
4637,0.0
4636,0.0
4634,0.0
4666,0.0
4665,0.0
4647,0.0
4697,0.0
4729,0.0
4728,0.0
4727,0.0
4726,0.0
4725,0.0
4724,0.0
4723,0.0
4722,0.0
4721,0.0
4720,0.0
4719,0.0
4718,0.0
4717,0.0
4696,0.0
4715,0.0
4714,0.0
4745,0.0
4744,0.0
4743,0.0
4742,0.0
4741,0.0
4740,0.0
4739,0.0
4738,0.0
4737,0.0
4736,0.0
4735,0.0
4734,0.0
4716,0.0
4695,0.0
4694,0.0
4693,0.0
4692,0.0
4691,0.0
4690,0.0
4689,0.0
4688,0.0
4687,0.0
4686,0.0
4684,0.0
4683,0.0
4682,0.0
4681,0.0
4698,0.0
4713,0.0
4712,0.0
4711,0.0
4709,0.0
4708,0.0
4707,0.0
4706,0.0
4705,0.0
4704,0.0
4703,0.0
4702,0.0
4701,0.0
4700,0.0
4699,0.0
4680,0.0
4525,0.0
4524,0.0
4523,0.0
4522,0.0
4521,0.0
4552,0.0
4551,0.0
4550,0.0
4549,0.0
4548,0.0
4547,0.0
4546,0.0
4545,0.0
4544,0.0
4629,0.0
4542,0.0
4541,0.0
4540,0.0
4538,0.0
4537,0.0
4536,0.0
4568,0.0
4567,0.0
4566,0.0
4565,0.0
4564,0.0
4563,0.0
4562,0.0
4561,0.0
4543,0.0
4492,0.0
4490,0.0
4489,0.0
4488,0.0
4520,0.0
4519,0.0
4518,0.0
4517,0.0
4516,0.0
4515,0.0
4514,0.0
4513,0.0
4512,0.0
4511,0.0
4526,0.0
4509,0.0
4508,0.0
4507,0.0
4506,0.0
4505,0.0
4535,0.0
4534,0.0
4533,0.0
4532,0.0
4530,0.0
0183,0.0
4529,0.0
4528,0.0
4527,0.0
4510,0.0
4593,0.0
4592,0.0
4591,0.0
4590,0.0
4589,0.0
4588,0.0
4587,0.0
4586,0.0
4585,0.0
4616,0.0
4615,0.0
4614,0.0
4613,0.0
4612,0.0
4560,0.0
4610,0.0
4609,0.0
4608,0.0
4607,0.0
4606,0.0
4605,0.0
4604,0.0
4603,0.0
4602,0.0
4601,0.0
4633,0.0
4632,0.0
4631,0.0
4630,0.0
4611,0.0
4559,0.0
4558,0.0
4557,0.0
4556,0.0
4555,0.0
4554,0.0
4553,0.0
4584,0.0
4583,0.0
4582,0.0
4581,0.0
4580,0.0
4579,0.0
4578,0.0
4594,0.0
4576,0.0
4575,0.0
4574,0.0
4573,0.0
4572,0.0
4571,0.0
4570,0.0
4569,0.0
4600,0.0
4599,0.0
4598,0.0
4597,0.0
4596,0.0
4595,0.0
4577,0.0
0059,0.0
4897,0.0
4896,0.0
4894,0.0
4893,0.0
4892,0.0
4891,0.0
4890,0.0
4889,0.0
4888,0.0
4920,0.0
4919,0.0
4918,0.0
4917,0.0
4733,0.0
4915,0.0
4914,0.0
4913,0.0
4912,0.0
4911,0.0
4910,0.0
4909,0.0
4907,0.0
4906,0.0
4905,0.0
4904,0.0
4936,0.0
4935,0.0
4934,0.0
4916,0.0
4864,0.0
4863,0.0
4862,0.0
4861,0.0
4860,0.0
4859,0.0
4858,0.0
4857,0.0
4887,0.0
4886,0.0
4885,0.0
4884,0.0
4883,0.0
4882,0.0
4898,0.0
4881,0.0
4880,0.0
4879,0.0
4878,0.0
4877,0.0
4876,0.0
4875,0.0
4874,0.0
4873,0.0
4903,0.0
4902,0.0
4901,0.0
4900,0.0
4899,0.0
0111,0.0
1155,0.0
4992,0.0
4991,0.0
4990,0.0
4989,0.0
4988,0.0
4987,0.0
4986,0.0
4985,0.0
4984,0.0
4983,0.0
4982,0.0
4981,0.0
4980,0.0
4933,0.0
4967,0.0
4966,0.0
4965,0.0
4964,0.0
4963,0.0
4962,0.0
4961,0.0
4960,0.0
4959,0.0
4958,0.0
4957,0.0
4956,0.0
4955,0.0
4954,0.0
4968,0.0
4932,0.0
4931,0.0
4930,0.0
4929,0.0
4928,0.0
4927,0.0
4926,0.0
4925,0.0
4924,0.0
4923,0.0
4922,0.0
4921,0.0
4952,0.0
4951,0.0
1156,0.0
4949,0.0
4948,0.0
4947,0.0
4946,0.0
4945,0.0
4944,0.0
4943,0.0
4942,0.0
4941,0.0
4940,0.0
4939,0.0
4938,0.0
4937,0.0
1157,0.0
4950,0.0
4762,0.0
4761,0.0
4760,0.0
4792,0.0
4791,0.0
4790,0.0
4789,0.0
4788,0.0
4787,0.0
4786,0.0
4785,0.0
4784,0.0
4783,0.0
4782,0.0
4865,0.0
4780,0.0
4779,0.0
4778,0.0
4777,0.0
4808,0.0
4807,0.0
4806,0.0
4805,0.0
4804,0.0
4803,0.0
4802,0.0
4801,0.0
4800,0.0
4799,0.0
4781,0.0
4732,0.0
4731,0.0
4730,0.0
4759,0.0
4758,0.0
4757,0.0
4755,0.0
4754,0.0
0132,0.0
0159,0.0
4753,0.0
4751,0.0
4750,0.0
4749,0.0
4763,0.0
4747,0.0
4746,0.0
4776,0.0
4775,0.0
4774,0.0
4773,0.0
4772,0.0
4771,0.0
4770,0.0
4768,0.0
4767,0.0
4766,0.0
4765,0.0
4764,0.0
4748,0.0
4830,0.0
4829,0.0
4828,0.0
4827,0.0
4826,0.0
4825,0.0
4856,0.0
4855,0.0
4854,0.0
4853,0.0
4852,0.0
4851,0.0
4850,0.0
4849,0.0
4798,0.0
4847,0.0
4846,0.0
4845,0.0
4844,0.0
4843,0.0
4842,0.0
4841,0.0
4872,0.0
4871,0.0
4870,0.0
4869,0.0
4868,0.0
4867,0.0
4866,0.0
4848,0.0
4797,0.0
4796,0.0
4795,0.0
4794,0.0
4793,0.0
4824,0.0
4823,0.0
4822,0.0
4821,0.0
4820,0.0
4819,0.0
4818,0.0
4817,0.0
4816,0.0
4831,0.0
4814,0.0
4813,0.0
4812,0.0
4811,0.0
4810,0.0
4809,0.0
4840,0.0
4839,0.0
4838,0.0
4836,0.0
4835,0.0
4834,0.0
0116,0.0
4833,0.0
4832,0.0
4815,0.0
4185,0.0
4184,0.0
4182,0.0
4181,0.0
4180,0.0
4179,0.0
4178,0.0
4177,0.0
4176,0.0
4175,0.0
4174,0.0
4172,0.0
4171,0.0
4170,0.0
4493,0.0
4168,0.0
4202,0.0
4201,0.0
4200,0.0
4199,0.0
4198,0.0
4197,0.0
4195,0.0
4194,0.0
4193,0.0
4192,0.0
4191,0.0
4190,0.0
4189,0.0
4169,0.0
4154,0.0
4153,0.0
4151,0.0
4150,0.0
4149,0.0
4148,0.0
4147,0.0
4146,0.0
4145,0.0
4144,0.0
4143,0.0
4142,0.0
4141,0.0
4140,0.0
4156,0.0
4167,0.0
4166,0.0
4165,0.0
4164,0.0
4163,0.0
4162,0.0
0254,0.0
0250,0.0
0246,0.0
0242,0.0
4161,0.0
4160,0.0
4159,0.0
4157,0.0
4138,0.0
4222,0.0
4221,0.0
4220,0.0
4219,0.0
4247,0.0
4246,0.0
4245,0.0
4244,0.0
4243,0.0
4242,0.0
0237,0.0
0236,0.0
0232,0.0
4241,0.0
4188,0.0
4239,0.0
4238,0.0
4237,0.0
4236,0.0
4235,0.0
4264,0.0
4263,0.0
4262,0.0
4261,0.0
4260,0.0
4259,0.0
4258,0.0
4257,0.0
4256,0.0
4240,0.0
4187,0.0
4186,0.0
4218,0.0
4217,0.0
4216,0.0
4215,0.0
4214,0.0
4213,0.0
4212,0.0
4211,0.0
4210,0.0
4209,0.0
4208,0.0
4207,0.0
4223,0.0
4205,0.0
4204,0.0
4203,0.0
4234,0.0
4233,0.0
4232,0.0
4231,0.0
4230,0.0
4229,0.0
4228,0.0
4227,0.0
4226,0.0
4225,0.0
4224,0.0
4206,0.0
4050,0.0
4049,0.0
4048,0.0
4047,0.0
4046,0.0
4045,0.0
4044,0.0
4043,0.0
4042,0.0
4041,0.0
4072,0.0
4071,0.0
4070,0.0
4069,0.0
4155,0.0
4067,0.0
4066,0.0
4065,0.0
4064,0.0
4063,0.0
4062,0.0
4061,0.0
4060,0.0
4059,0.0
4058,0.0
4057,0.0
4088,0.0
4087,0.0
4086,0.0
4068,0.0
4016,0.0
4015,0.0
3057,0.0
4013,0.0
4012,0.0
4011,0.0
4010,0.0
4009,0.0
4040,0.0
4039,0.0
4038,0.0
4037,0.0
4036,0.0
4035,0.0
4051,0.0
4033,0.0
4032,0.0
4031,0.0
4030,0.0
4029,0.0
4028,0.0
4027,0.0
4026,0.0
4025,0.0
4056,0.0
4055,0.0
4054,0.0
4053,0.0
4052,0.0
4034,0.0
4117,0.0
4116,0.0
4115,0.0
4114,0.0
4113,0.0
4112,0.0
4111,0.0
4110,0.0
4109,0.0
4108,0.0
4107,0.0
4105,0.0
4104,0.0
4137,0.0
4085,0.0
4135,0.0
4134,0.0
4133,0.0
4132,0.0
4131,0.0
4130,0.0
4129,0.0
4128,0.0
4127,0.0
4125,0.0
4124,0.0
4123,0.0
4122,0.0
4121,0.0
4136,0.0
4084,0.0
4083,0.0
4082,0.0
4081,0.0
4080,0.0
4079,0.0
4078,0.0
4077,0.0
4076,0.0
4075,0.0
4074,0.0
4073,0.0
4103,0.0
4101,0.0
4118,0.0
4098,0.0
0266,0.0
0262,0.0
0260,0.0
4097,0.0
4096,0.0
4095,0.0
4094,0.0
4093,0.0
4092,0.0
4091,0.0
4090,0.0
4089,0.0
4120,0.0
4119,0.0
4099,0.0
4427,0.0
4426,0.0
4425,0.0
4424,0.0
4423,0.0
4422,0.0
4421,0.0
4420,0.0
4419,0.0
4418,0.0
4417,0.0
4416,0.0
4415,0.0
4414,0.0
4255,0.0
4440,0.0
4439,0.0
4438,0.0
4436,0.0
4435,0.0
4434,0.0
0222,0.0
0212,0.0
0211,0.0
0210,0.0
4433,0.0
4432,0.0
4431,0.0
4430,0.0
4413,0.0
4393,0.0
4392,0.0
4391,0.0
4390,0.0
4389,0.0
4388,0.0
4387,0.0
4386,0.0
4385,0.0
4384,0.0
4383,0.0
4382,0.0
4381,0.0
4412,0.0
4428,0.0
4410,0.0
4409,0.0
4408,0.0
4407,0.0
4406,0.0
4405,0.0
4404,0.0
4403,0.0
4402,0.0
4401,0.0
4400,0.0
4399,0.0
4398,0.0
4397,0.0
4411,0.0
4458,0.0
4457,0.0
4487,0.0
4486,0.0
4485,0.0
4484,0.0
4483,0.0
4482,0.0
0204,0.0
0194,0.0
4481,0.0
4479,0.0
4478,0.0
4477,0.0
4429,0.0
4475,0.0
4474,0.0
4473,0.0
4504,0.0
4503,0.0
4502,0.0
4501,0.0
4500,0.0
4499,0.0
4498,0.0
4497,0.0
4496,0.0
4495,0.0
4494,0.0
4476,0.0
4456,0.0
4455,0.0
4454,0.0
4453,0.0
4452,0.0
4451,0.0
4450,0.0
4449,0.0
4448,0.0
4447,0.0
4446,0.0
4445,0.0
4444,0.0
4443,0.0
4459,0.0
4441,0.0
4472,0.0
4471,0.0
4470,0.0
4469,0.0
4468,0.0
4467,0.0
4466,0.0
4465,0.0
4464,0.0
4463,0.0
4462,0.0
4461,0.0
4460,0.0
4442,0.0
4288,0.0
4287,0.0
4286,0.0
4285,0.0
4284,0.0
4283,0.0
4282,0.0
4281,0.0
4313,0.0
4312,0.0
4311,0.0
4310,0.0
4309,0.0
4308,0.0
4394,0.0
4306,0.0
4305,0.0
4304,0.0
4303,0.0
4302,0.0
4301,0.0
4300,0.0
4299,0.0
4298,0.0
4331,0.0
4330,0.0
4328,0.0
4327,0.0
4326,0.0
4307,0.0
4253,0.0
4252,0.0
4251,0.0
4250,0.0
4249,0.0
4248,0.0
4280,0.0
4279,0.0
4278,0.0
4277,0.0
4276,0.0
4275,0.0
4274,0.0
4273,0.0
4289,0.0
4271,0.0
4270,0.0
4269,0.0
4268,0.0
4267,0.0
4266,0.0
4265,0.0
4297,0.0
4296,0.0
4295,0.0
4294,0.0
4293,0.0
4292,0.0
4290,0.0
4272,0.0
4359,0.0
4358,0.0
4357,0.0
4356,0.0
4355,0.0
4354,0.0
4353,0.0
4352,0.0
4351,0.0
4350,0.0
4349,0.0
4380,0.0
4379,0.0
4378,0.0
4325,0.0
4376,0.0
4375,0.0
4374,0.0
4373,0.0
4372,0.0
4371,0.0
4370,0.0
4369,0.0
4368,0.0
4367,0.0
4366,0.0
4365,0.0
4396,0.0
4395,0.0
4377,0.0
4324,0.0
4323,0.0
4321,0.0
4320,0.0
4319,0.0
4318,0.0
4317,0.0
4316,0.0
4315,0.0
4314,0.0
4348,0.0
4347,0.0
4346,0.0
4345,0.0
4360,0.0
4343,0.0
4342,0.0
4341,0.0
4340,0.0
4339,0.0
4337,0.0
4336,0.0
4335,0.0
4334,0.0
4333,0.0
4332,0.0
4364,0.0
4363,0.0
4362,0.0
4361,0.0
4344,0.0
0909,0.0
0908,0.0
0907,0.0
0905,0.0
0904,0.0
0903,0.0
0902,0.0
0901,0.0
0900,0.0
1761,0.0
1791,0.0
1789,0.0
1788,0.0
1785,0.0
3060,0.0
1782,0.0
1781,0.0
1780,0.0
1779,0.0
1778,0.0
1775,0.0
1773,0.0
1772,0.0
1771,0.0
1768,0.0
1767,0.0
1809,0.0
1808,0.0
1807,0.0
1784,0.0
1730,0.0
1729,0.0
1728,0.0
1727,0.0
1726,0.0
1724,0.0
1723,0.0
1722,0.0
1760,0.0
1759,0.0
1756,0.0
1755,0.0
1754,0.0
1753,0.0
0911,0.0
1750,0.0
1749,0.0
1747,0.0
1746,0.0
1745,0.0
1744,0.0
1743,0.0
1742,0.0
1741,0.0
1766,0.0
1765,0.0
1764,0.0
1762,0.0
0912,0.0
1751,0.0
1835,0.0
1834,0.0
1833,0.0
1832,0.0
1831,0.0
1829,0.0
1827,0.0
1826,0.0
1825,0.0
1824,0.0
1822,0.0
1821,0.0
1820,0.0
1818,0.0
1806,0.0
1844,0.0
1843,0.0
1842,0.0
0880,0.0
0879,0.0
0878,0.0
0876,0.0
0875,0.0
0873,0.0
0871,0.0
0868,0.0
1841,0.0
1840,0.0
1838,0.0
1845,0.0
1805,0.0
1803,0.0
1801,0.0
1800,0.0
1799,0.0
1798,0.0
1797,0.0
1796,0.0
1795,0.0
1794,0.0
1793,0.0
1792,0.0
1816,0.0
1815,0.0
1836,0.0
1810,0.0
0896,0.0
0895,0.0
0894,0.0
0892,0.0
0891,0.0
0890,0.0
0889,0.0
0888,0.0
0887,0.0
0884,0.0
0883,0.0
0882,0.0
1837,0.0
1811,0.0
1623,0.0
1622,0.0
1661,0.0
1659,0.0
1658,0.0
1657,0.0
1656,0.0
1655,0.0
1654,0.0
1653,0.0
1650,0.0
1649,0.0
1648,0.0
1647,0.0
1731,0.0
1645,0.0
1644,0.0
1643,0.0
0933,0.0
0931,0.0
0930,0.0
1681,0.0
1680,0.0
1677,0.0
1676,0.0
1673,0.0
1671,0.0
1669,0.0
1668,0.0
1646,0.0
1621,0.0
1620,0.0
1619,0.0
1618,0.0
0960,0.0
0959,0.0
0956,0.0
0955,0.0
0953,0.0
0952,0.0
0950,0.0
0949,0.0
0948,0.0
0947,0.0
1625,0.0
1615,0.0
1642,0.0
1640,0.0
1639,0.0
1638,0.0
1636,0.0
1635,0.0
1634,0.0
1633,0.0
1632,0.0
1631,0.0
1629,0.0
1628,0.0
1626,0.0
0946,0.0
1694,0.0
1693,0.0
1692,0.0
1691,0.0
1689,0.0
1688,0.0
1720,0.0
1719,0.0
1718,0.0
1717,0.0
1714,0.0
0925,0.0
0924,0.0
0923,0.0
1667,0.0
0919,0.0
0918,0.0
0916,0.0
0914,0.0
1713,0.0
1711,0.0
1710,0.0
1740,0.0
1739,0.0
1737,0.0
1736,0.0
1734,0.0
1733,0.0
1732,0.0
0921,0.0
1666,0.0
1665,0.0
1663,0.0
1662,0.0
1687,0.0
1686,0.0
1685,0.0
1684,0.0
1683,0.0
1682,0.0
0945,0.0
0943,0.0
0942,0.0
0941,0.0
1695,0.0
0939,0.0
0938,0.0
0937,0.0
0935,0.0
0934,0.0
1708,0.0
1707,0.0
1705,0.0
1704,0.0
1702,0.0
1701,0.0
1700,0.0
1698,0.0
1697,0.0
0940,0.0
0812,0.0
0810,0.0
0808,0.0
0807,0.0
0806,0.0
0805,0.0
0804,0.0
0803,0.0
2026,0.0
2025,0.0
2024,0.0
2023,0.0
2022,0.0
2021,0.0
1864,0.0
2019,0.0
2016,0.0
2015,0.0
2014,0.0
2013,0.0
2012,0.0
2011,0.0
2010,0.0
2009,0.0
2045,0.0
2044,0.0
2043,0.0
2042,0.0
2040,0.0
2020,0.0
1968,0.0
1964,0.0
1963,0.0
1962,0.0
1961,0.0
1960,0.0
2001,0.0
2000,0.0
1999,0.0
1997,0.0
1995,0.0
1994,0.0
1993,0.0
1991,0.0
0815,0.0
1989,0.0
1988,0.0
1986,0.0
1985,0.0
1984,0.0
1983,0.0
1982,0.0
2008,0.0
2007,0.0
2006,0.0
2005,0.0
2004,0.0
2003,0.0
0817,0.0
1990,0.0
2068,0.0
2067,0.0
0801,0.0
0799,0.0
0798,0.0
0796,0.0
0795,0.0
0792,0.0
0791,0.0
0787,0.0
0786,0.0
2065,0.0
2093,0.0
2092,0.0
2039,0.0
2089,0.0
2087,0.0
2086,0.0
2085,0.0
2084,0.0
2083,0.0
2082,0.0
2081,0.0
2080,0.0
2079,0.0
2078,0.0
2077,0.0
2076,0.0
2111,0.0
2091,0.0
2038,0.0
2035,0.0
2034,0.0
2033,0.0
2032,0.0
2031,0.0
2030,0.0
2029,0.0
2028,0.0
2027,0.0
2063,0.0
2062,0.0
2061,0.0
2060,0.0
2070,0.0
2058,0.0
2057,0.0
2056,0.0
2055,0.0
2054,0.0
2053,0.0
2052,0.0
2050,0.0
2048,0.0
2047,0.0
2046,0.0
2074,0.0
2073,0.0
2071,0.0
2059,0.0
1865,0.0
1893,0.0
1892,0.0
1891,0.0
1890,0.0
0865,0.0
0862,0.0
0861,0.0
0859,0.0
0856,0.0
0855,0.0
0853,0.0
0851,0.0
0850,0.0
1969,0.0
1888,0.0
1887,0.0
1915,0.0
1914,0.0
1912,0.0
1911,0.0
1910,0.0
1909,0.0
1908,0.0
1906,0.0
1904,0.0
1902,0.0
1899,0.0
1898,0.0
1889,0.0
1863,0.0
1862,0.0
1861,0.0
1860,0.0
1859,0.0
1858,0.0
1856,0.0
1855,0.0
1854,0.0
1853,0.0
1852,0.0
1850,0.0
1849,0.0
1848,0.0
1866,0.0
1885,0.0
1884,0.0
1882,0.0
1881,0.0
1880,0.0
1879,0.0
1878,0.0
1876,0.0
1875,0.0
1873,0.0
1872,0.0
1871,0.0
1870,0.0
1867,0.0
1846,0.0
1933,0.0
1932,0.0
1931,0.0
1928,0.0
1958,0.0
1957,0.0
1955,0.0
1954,0.0
0831,0.0
0830,0.0
0827,0.0
0826,0.0
0825,0.0
0823,0.0
1897,0.0
0821,0.0
0820,0.0
0819,0.0
0818,0.0
1953,0.0
1981,0.0
1980,0.0
1979,0.0
1978,0.0
1977,0.0
1975,0.0
1974,0.0
1973,0.0
1970,0.0
0822,0.0
1896,0.0
1895,0.0
1894,0.0
1927,0.0
1926,0.0
1925,0.0
1924,0.0
1923,0.0
1922,0.0
0847,0.0
0846,0.0
0841,0.0
0836,0.0
0835,0.0
1935,0.0
1920,0.0
1919,0.0
1918,0.0
1916,0.0
1952,0.0
1951,0.0
1949,0.0
1948,0.0
1947,0.0
1945,0.0
1944,0.0
1943,0.0
1940,0.0
1939,0.0
1937,0.0
1921,0.0
1099,0.0
1098,0.0
1097,0.0
1096,0.0
1093,0.0
1091,0.0
1090,0.0
1281,0.0
1280,0.0
1279,0.0
1278,0.0
1311,0.0
1309,0.0
1308,0.0
1590,0.0
1306,0.0
1305,0.0
1304,0.0
1301,0.0
1300,0.0
1299,0.0
1296,0.0
1295,0.0
1292,0.0
1290,0.0
1289,0.0
1285,0.0
1064,0.0
1063,0.0
1307,0.0
1116,0.0
1115,0.0
1114,0.0
1113,0.0
1112,0.0
1111,0.0
1110,0.0
1109,0.0
1106,0.0
1276,0.0
1275,0.0
1274,0.0
1273,0.0
1271,0.0
1100,0.0
1269,0.0
1268,0.0
1267,0.0
1266,0.0
1263,0.0
1262,0.0
1261,0.0
1260,0.0
1259,0.0
1258,0.0
1284,0.0
1282,0.0
1103,0.0
1102,0.0
1270,0.0
1361,0.0
1360,0.0
1359,0.0
1358,0.0
1357,0.0
1355,0.0
1354,0.0
1352,0.0
1351,0.0
1350,0.0
1345,0.0
1344,0.0
1340,0.0
1339,0.0
1062,0.0
1367,0.0
1366,0.0
1364,0.0
1362,0.0
1057,0.0
1055,0.0
1054,0.0
1053,0.0
1052,0.0
1051,0.0
1050,0.0
1049,0.0
1048,0.0
1045,0.0
1338,0.0
1060,0.0
1059,0.0
1058,0.0
1089,0.0
1088,0.0
1087,0.0
1084,0.0
1078,0.0
1076,0.0
1075,0.0
1074,0.0
1313,0.0
1312,0.0
1337,0.0
1042,0.0
1334,0.0
1333,0.0
1332,0.0
1331,0.0
1330,0.0
1329,0.0
1325,0.0
1324,0.0
1318,0.0
1316,0.0
1073,0.0
1071,0.0
1070,0.0
1067,0.0
1336,0.0
1161,0.0
1160,0.0
1159,0.0
1158,0.0
1176,0.0
1175,0.0
1174,0.0
1173,0.0
1171,0.0
1170,0.0
1153,0.0
1152,0.0
1151,0.0
1150,0.0
1119,0.0
1148,0.0
1147,0.0
1146,0.0
1144,0.0
1143,0.0
1197,0.0
1196,0.0
1195,0.0
1194,0.0
1193,0.0
1192,0.0
1191,0.0
1188,0.0
1186,0.0
1149,0.0
4979,0.0
4953,0.0
5000,0.0
4999,0.0
4998,0.0
4997,0.0
4996,0.0
4995,0.0
4994,0.0
4977,0.0
4976,0.0
4975,0.0
4974,0.0
4973,0.0
1162,0.0
4971,0.0
4970,0.0
4969,0.0
1142,0.0
1141,0.0
1140,0.0
1139,0.0
1138,0.0
1169,0.0
1168,0.0
1167,0.0
1166,0.0
1165,0.0
1163,0.0
4972,0.0
1130,0.0
1129,0.0
1128,0.0
1127,0.0
1126,0.0
1125,0.0
1124,0.0
1248,0.0
1247,0.0
1242,0.0
1240,0.0
1239,0.0
1238,0.0
1237,0.0
1185,0.0
1234,0.0
1233,0.0
1231,0.0
1230,0.0
1229,0.0
1228,0.0
1227,0.0
1225,0.0
1256,0.0
1252,0.0
1251,0.0
1250,0.0
1121,0.0
1120,0.0
1236,0.0
1184,0.0
1183,0.0
1181,0.0
1180,0.0
1179,0.0
1177,0.0
1122,0.0
1217,0.0
1215,0.0
1214,0.0
1213,0.0
1211,0.0
1210,0.0
1209,0.0
1131,0.0
1206,0.0
1204,0.0
1203,0.0
1202,0.0
1200,0.0
1199,0.0
1198,0.0
1223,0.0
1222,0.0
1220,0.0
1219,0.0
1218,0.0
1136,0.0
1134,0.0
1132,0.0
1207,0.0
1522,0.0
1521,0.0
1520,0.0
1519,0.0
1518,0.0
1516,0.0
1514,0.0
1513,0.0
1512,0.0
1511,0.0
1551,0.0
1550,0.0
1548,0.0
1545,0.0
1044,0.0
1543,0.0
1541,0.0
1540,0.0
1539,0.0
1538,0.0
1537,0.0
1536,0.0
1534,0.0
1533,0.0
1532,0.0
1531,0.0
1562,0.0
1561,0.0
1560,0.0
1544,0.0
1493,0.0
1492,0.0
1490,0.0
1489,0.0
1488,0.0
1487,0.0
1486,0.0
1485,0.0
1510,0.0
1509,0.0
1508,0.0
1507,0.0
1506,0.0
1008,0.0
1523,0.0
1004,0.0
1003,0.0
1002,0.0
0997,0.0
0996,0.0
0994,0.0
1505,0.0
1504,0.0
1503,0.0
1530,0.0
1529,0.0
1528,0.0
1527,0.0
1526,0.0
1005,0.0
1586,0.0
0976,0.0
0975,0.0
0974,0.0
0973,0.0
0972,0.0
0971,0.0
0970,0.0
0969,0.0
0968,0.0
0967,0.0
0964,0.0
0963,0.0
1584,0.0
1559,0.0
1613,0.0
1610,0.0
1608,0.0
1607,0.0
1605,0.0
1603,0.0
1600,0.0
1599,0.0
1598,0.0
1596,0.0
1595,0.0
1594,0.0
1592,0.0
1591,0.0
1614,0.0
1556,0.0
1554,0.0
0993,0.0
0990,0.0
0989,0.0
0987,0.0
0984,0.0
0982,0.0
0981,0.0
0978,0.0
1553,0.0
1552,0.0
1583,0.0
1581,0.0
1587,0.0
1578,0.0
1576,0.0
1575,0.0
1574,0.0
1573,0.0
1572,0.0
1571,0.0
1570,0.0
1568,0.0
1567,0.0
1566,0.0
1565,0.0
1563,0.0
1588,0.0
1580,0.0
1390,0.0
1389,0.0
1387,0.0
1424,0.0
1423,0.0
1422,0.0
1421,0.0
1420,0.0
1419,0.0
1418,0.0
1417,0.0
1416,0.0
1415,0.0
1414,0.0
1494,0.0
1411,0.0
1409,0.0
1408,0.0
1407,0.0
1432,0.0
1431,0.0
1430,0.0
1429,0.0
1426,0.0
1041,0.0
1039,0.0
1037,0.0
1035,0.0
1031,0.0
1412,0.0
1043,0.0
1386,0.0
1385,0.0
1383,0.0
1382,0.0
1381,0.0
1380,0.0
1379,0.0
1377,0.0
1376,0.0
1375,0.0
1374,0.0
1373,0.0
1372,0.0
1391,0.0
1370,0.0
1368,0.0
1404,0.0
1403,0.0
1402,0.0
1401,0.0
1400,0.0
1399,0.0
1398,0.0
1397,0.0
1395,0.0
1394,0.0
1393,0.0
1392,0.0
1371,0.0
1019,0.0
1015,0.0
1014,0.0
1013,0.0
1012,0.0
1011,0.0
1483,0.0
1482,0.0
1481,0.0
1480,0.0
1478,0.0
1477,0.0
1476,0.0
1475,0.0
1030,0.0
1473,0.0
1472,0.0
1471,0.0
1470,0.0
1469,0.0
1468,0.0
1465,0.0
1502,0.0
1501,0.0
1500,0.0
1499,0.0
1497,0.0
1496,0.0
1495,0.0
1474,0.0
1029,0.0
1028,0.0
1027,0.0
1026,0.0
1425,0.0
1456,0.0
1455,0.0
1454,0.0
1452,0.0
1450,0.0
1449,0.0
1448,0.0
1446,0.0
1445,0.0
1020,0.0
1442,0.0
1441,0.0
1440,0.0
1436,0.0
1434,0.0
1433,0.0
1464,0.0
1463,0.0
1462,0.0
1460,0.0
1459,0.0
1458,0.0
1025,0.0
1023,0.0
1021,0.0
1444,0.0
2717,0.0
2716,0.0
2715,0.0
2748,0.0
2747,0.0
2746,0.0
2745,0.0
2744,0.0
2743,0.0
2742,0.0
2741,0.0
2740,0.0
2739,0.0
2738,0.0
2110,0.0
2736,0.0
2735,0.0
2734,0.0
2733,0.0
2759,0.0
2758,0.0
2757,0.0
2755,0.0
2754,0.0
0572,0.0
0571,0.0
0568,0.0
0566,0.0
0564,0.0
2737,0.0
2681,0.0
2714,0.0
2713,0.0
2712,0.0
2711,0.0
2710,0.0
2709,0.0
2708,0.0
2707,0.0
2706,0.0
2705,0.0
2704,0.0
2703,0.0
2702,0.0
2718,0.0
2700,0.0
2699,0.0
2731,0.0
2730,0.0
2729,0.0
2728,0.0
2727,0.0
2726,0.0
2725,0.0
2724,0.0
2723,0.0
2721,0.0
2720,0.0
2719,0.0
2701,0.0
2786,0.0
2785,0.0
2782,0.0
2781,0.0
2780,0.0
2779,0.0
2809,0.0
2808,0.0
2807,0.0
2806,0.0
2803,0.0
2802,0.0
0559,0.0
0555,0.0
0563,0.0
0553,0.0
0552,0.0
0548,0.0
0547,0.0
0546,0.0
2801,0.0
2798,0.0
2828,0.0
2827,0.0
2825,0.0
2824,0.0
2823,0.0
2822,0.0
2821,0.0
0554,0.0
0562,0.0
2753,0.0
2752,0.0
2750,0.0
2778,0.0
2777,0.0
2776,0.0
2775,0.0
2774,0.0
2773,0.0
2772,0.0
2770,0.0
2769,0.0
2768,0.0
2787,0.0
2765,0.0
2764,0.0
2763,0.0
2762,0.0
2761,0.0
2797,0.0
2796,0.0
2794,0.0
2793,0.0
2792,0.0
2791,0.0
2790,0.0
2789,0.0
2788,0.0
2767,0.0
2613,0.0
2612,0.0
2611,0.0
2610,0.0
2609,0.0
2608,0.0
2607,0.0
2606,0.0
2605,0.0
2604,0.0
2603,0.0
2602,0.0
2637,0.0
2634,0.0
2682,0.0
2632,0.0
2631,0.0
2630,0.0
2629,0.0
2628,0.0
2627,0.0
2625,0.0
2624,0.0
2623,0.0
2622,0.0
2621,0.0
2620,0.0
2619,0.0
2655,0.0
2633,0.0
2578,0.0
2577,0.0
2576,0.0
2575,0.0
2573,0.0
2572,0.0
2571,0.0
2570,0.0
2569,0.0
2567,0.0
2600,0.0
2599,0.0
2598,0.0
2595,0.0
2615,0.0
0599,0.0
0597,0.0
0596,0.0
2593,0.0
2592,0.0
2591,0.0
2590,0.0
2589,0.0
2588,0.0
2587,0.0
2586,0.0
2618,0.0
2617,0.0
2616,0.0
0605,0.0
2679,0.0
2678,0.0
2677,0.0
2676,0.0
2675,0.0
2674,0.0
2671,0.0
2670,0.0
2669,0.0
2668,0.0
2667,0.0
2666,0.0
2665,0.0
2664,0.0
2654,0.0
2698,0.0
2696,0.0
2695,0.0
2693,0.0
2692,0.0
2691,0.0
2690,0.0
2689,0.0
2688,0.0
2687,0.0
2686,0.0
2685,0.0
2684,0.0
2683,0.0
2663,0.0
2653,0.0
2652,0.0
2651,0.0
2650,0.0
2648,0.0
2646,0.0
2645,0.0
2644,0.0
2643,0.0
2642,0.0
2641,0.0
2640,0.0
2639,0.0
2638,0.0
2680,0.0
2661,0.0
2660,0.0
2659,0.0
2658,0.0
0593,0.0
0591,0.0
0589,0.0
0587,0.0
0586,0.0
0585,0.0
0583,0.0
0581,0.0
0578,0.0
2657,0.0
2656,0.0
2662,0.0
2991,0.0
2990,0.0
2989,0.0
2988,0.0
2987,0.0
2986,0.0
2985,0.0
2984,0.0
2983,0.0
2982,0.0
2980,0.0
2979,0.0
2978,0.0
2977,0.0
2820,0.0
2975,0.0
3000,0.0
2999,0.0
2998,0.0
2997,0.0
2996,0.0
2994,0.0
0494,0.0
0492,0.0
0488,0.0
0487,0.0
0486,0.0
0485,0.0
0484,0.0
2976,0.0
2956,0.0
2954,0.0
2953,0.0
2952,0.0
2951,0.0
2950,0.0
2949,0.0
2947,0.0
2946,0.0
2945,0.0
2944,0.0
2943,0.0
2942,0.0
2941,0.0
2959,0.0
2973,0.0
2972,0.0
2971,0.0
2970,0.0
2969,0.0
2968,0.0
2967,0.0
2966,0.0
2965,0.0
2964,0.0
2963,0.0
2962,0.0
2961,0.0
2960,0.0
2974,0.0
3022,0.0
3021,0.0
3020,0.0
3019,0.0
3049,0.0
3048,0.0
3047,0.0
3046,0.0
3045,0.0
3043,0.0
3042,0.0
3041,0.0
3040,0.0
3039,0.0
0482,0.0
3036,0.0
3035,0.0
3034,0.0
3033,0.0
3032,0.0
3066,0.0
3065,0.0
3064,0.0
3063,0.0
3062,0.0
3061,0.0
4978,0.0
3059,0.0
3058,0.0
3037,0.0
2993,0.0
2992,0.0
3018,0.0
3016,0.0
3015,0.0
3014,0.0
3013,0.0
3011,0.0
3010,0.0
3009,0.0
3008,0.0
3007,0.0
3006,0.0
3005,0.0
3023,0.0
3003,0.0
3002,0.0
3001,0.0
3031,0.0
3030,0.0
3029,0.0
3028,0.0
3027,0.0
3026,0.0
0480,0.0
0479,0.0
0472,0.0
3025,0.0
3024,0.0
3004,0.0
2851,0.0
2850,0.0
2848,0.0
2847,0.0
2846,0.0
2845,0.0
2843,0.0
2842,0.0
2841,0.0
2869,0.0
2868,0.0
2867,0.0
2866,0.0
0528,0.0
2957,0.0
0525,0.0
0520,0.0
0519,0.0
0517,0.0
0516,0.0
2865,0.0
2864,0.0
2863,0.0
2861,0.0
2860,0.0
2889,0.0
2888,0.0
2887,0.0
2886,0.0
0527,0.0
2819,0.0
2818,0.0
2817,0.0
2816,0.0
2815,0.0
2814,0.0
2811,0.0
2810,0.0
2840,0.0
2838,0.0
2837,0.0
2835,0.0
2834,0.0
0544,0.0
2852,0.0
0533,0.0
0532,0.0
0531,0.0
2833,0.0
2832,0.0
2831,0.0
2830,0.0
2829,0.0
2859,0.0
2858,0.0
2857,0.0
2856,0.0
2854,0.0
2853,0.0
0543,0.0
2918,0.0
2916,0.0
2914,0.0
2913,0.0
2912,0.0
2910,0.0
2909,0.0
2907,0.0
2906,0.0
2905,0.0
2904,0.0
2903,0.0
2940,0.0
2939,0.0
2885,0.0
2937,0.0
2936,0.0
2935,0.0
2934,0.0
2933,0.0
2932,0.0
2931,0.0
2930,0.0
2928,0.0
2927,0.0
2926,0.0
2925,0.0
2923,0.0
2958,0.0
2938,0.0
2884,0.0
2883,0.0
2882,0.0
2881,0.0
2880,0.0
2879,0.0
2877,0.0
2876,0.0
2875,0.0
2872,0.0
2870,0.0
2902,0.0
2901,0.0
2900,0.0
2919,0.0
2898,0.0
0512,0.0
0506,0.0
0503,0.0
0499,0.0
0498,0.0
2896,0.0
2895,0.0
2894,0.0
2893,0.0
2891,0.0
2890,0.0
2922,0.0
2921,0.0
2920,0.0
2899,0.0
2247,0.0
2246,0.0
2245,0.0
2244,0.0
2243,0.0
2242,0.0
2241,0.0
2262,0.0
2261,0.0
2260,0.0
2259,0.0
2258,0.0
0737,0.0
0736,0.0
2579,0.0
0733,0.0
0732,0.0
0728,0.0
0727,0.0
0726,0.0
0725,0.0
0722,0.0
2284,0.0
2283,0.0
2282,0.0
2281,0.0
2280,0.0
2279,0.0
2278,0.0
0735,0.0
2206,0.0
2205,0.0
2204,0.0
2203,0.0
2202,0.0
2240,0.0
2239,0.0
2238,0.0
2236,0.0
2235,0.0
2234,0.0
2232,0.0
2228,0.0
2227,0.0
2248,0.0
2225,0.0
2224,0.0
2223,0.0
2221,0.0
2220,0.0
2219,0.0
2257,0.0
2256,0.0
2255,0.0
2253,0.0
2252,0.0
2251,0.0
2250,0.0
2249,0.0
2226,0.0
2306,0.0
2305,0.0
2304,0.0
2303,0.0
2302,0.0
2301,0.0
2300,0.0
2299,0.0
2296,0.0
2295,0.0
2324,0.0
2323,0.0
2322,0.0
0703,0.0
2277,0.0
0699,0.0
0698,0.0
0697,0.0
0696,0.0
0695,0.0
0692,0.0
2320,0.0
2318,0.0
2316,0.0
2315,0.0
2349,0.0
2344,0.0
2343,0.0
2341,0.0
0701,0.0
2276,0.0
2274,0.0
2272,0.0
2270,0.0
2268,0.0
2266,0.0
2264,0.0
2263,0.0
2294,0.0
2293,0.0
2291,0.0
2290,0.0
0721,0.0
0720,0.0
2307,0.0
0716,0.0
0713,0.0
0712,0.0
0711,0.0
0709,0.0
0708,0.0
0707,0.0
2289,0.0
2286,0.0
2314,0.0
2313,0.0
2312,0.0
2311,0.0
2308,0.0
0717,0.0
2140,0.0
2138,0.0
2137,0.0
2136,0.0
2133,0.0
2132,0.0
2131,0.0
2128,0.0
2126,0.0
2125,0.0
2124,0.0
2122,0.0
2121,0.0
2120,0.0
2207,0.0
2118,0.0
2150,0.0
2149,0.0
2147,0.0
2146,0.0
0769,0.0
0768,0.0
0767,0.0
0766,0.0
0762,0.0
0761,0.0
0759,0.0
0758,0.0
2145,0.0
2119,0.0
2109,0.0
2108,0.0
2107,0.0
2106,0.0
2105,0.0
2104,0.0
2103,0.0
2102,0.0
2101,0.0
2100,0.0
2099,0.0
2097,0.0
2095,0.0
2094,0.0
2112,0.0
2116,0.0
2115,0.0
2114,0.0
0785,0.0
0784,0.0
0782,0.0
0781,0.0
0780,0.0
0778,0.0
0776,0.0
0775,0.0
0774,0.0
0772,0.0
0770,0.0
2117,0.0
2174,0.0
2173,0.0
2172,0.0
2199,0.0
2198,0.0
2197,0.0
2196,0.0
2195,0.0
2194,0.0
0752,0.0
0751,0.0
0748,0.0
0746,0.0
0744,0.0
2144,0.0
0742,0.0
0741,0.0
0739,0.0
2193,0.0
2218,0.0
2217,0.0
2216,0.0
2215,0.0
2214,0.0
2212,0.0
2211,0.0
2210,0.0
2209,0.0
2208,0.0
0743,0.0
2143,0.0
2142,0.0
2171,0.0
2168,0.0
2166,0.0
2165,0.0
2164,0.0
2163,0.0
2162,0.0
2160,0.0
2159,0.0
2157,0.0
2156,0.0
2155,0.0
2175,0.0
2153,0.0
2152,0.0
2151,0.0
2192,0.0
2191,0.0
2190,0.0
2189,0.0
2186,0.0
2184,0.0
2183,0.0
2182,0.0
2181,0.0
2180,0.0
2177,0.0
2176,0.0
2154,0.0
2479,0.0
2477,0.0
2476,0.0
2474,0.0
2499,0.0
2498,0.0
0641,0.0
0640,0.0
0637,0.0
0635,0.0
0633,0.0
0632,0.0
0631,0.0
0630,0.0
2340,0.0
2496,0.0
2495,0.0
2494,0.0
2493,0.0
2492,0.0
2523,0.0
2522,0.0
2521,0.0
2520,0.0
2518,0.0
2517,0.0
2515,0.0
2514,0.0
2513,0.0
0628,0.0
0644,0.0
0642,0.0
2473,0.0
2472,0.0
2470,0.0
2469,0.0
2468,0.0
2467,0.0
2466,0.0
2465,0.0
2464,0.0
2463,0.0
2462,0.0
2461,0.0
2480,0.0
2459,0.0
2458,0.0
2455,0.0
2491,0.0
2490,0.0
2489,0.0
2488,0.0
2487,0.0
2486,0.0
2485,0.0
2484,0.0
2483,0.0
2482,0.0
2481,0.0
2460,0.0
2550,0.0
2547,0.0
2546,0.0
2545,0.0
2544,0.0
2543,0.0
2542,0.0
2541,0.0
2566,0.0
2565,0.0
2564,0.0
2563,0.0
2562,0.0
0625,0.0
2511,0.0
0623,0.0
0622,0.0
0620,0.0
0619,0.0
0614,0.0
0612,0.0
0611,0.0
0610,0.0
2561,0.0
2584,0.0
2583,0.0
2582,0.0
2581,0.0
2580,0.0
0624,0.0
2510,0.0
2508,0.0
2507,0.0
2505,0.0
2503,0.0
2502,0.0
2540,0.0
2539,0.0
2538,0.0
2537,0.0
2536,0.0
2535,0.0
2534,0.0
2533,0.0
2551,0.0
2530,0.0
2529,0.0
2528,0.0
2527,0.0
2526,0.0
2525,0.0
2524,0.0
2560,0.0
2559,0.0
2558,0.0
2557,0.0
2556,0.0
2555,0.0
2554,0.0
2531,0.0
2374,0.0
2373,0.0
2372,0.0
2371,0.0
2369,0.0
2368,0.0
2367,0.0
2366,0.0
2365,0.0
2364,0.0
2362,0.0
2361,0.0
2360,0.0
2395,0.0
0646,0.0
2393,0.0
2392,0.0
2391,0.0
2390,0.0
2389,0.0
2387,0.0
2386,0.0
2385,0.0
2384,0.0
2383,0.0
2382,0.0
2381,0.0
2380,0.0
2379,0.0
2394,0.0
2339,0.0
2338,0.0
2337,0.0
2336,0.0
2335,0.0
2334,0.0
2330,0.0
2329,0.0
2327,0.0
2326,0.0
2325,0.0
2359,0.0
2358,0.0
2355,0.0
2376,0.0
0688,0.0
0686,0.0
0684,0.0
0683,0.0
0682,0.0
0680,0.0
0676,0.0
0675,0.0
2353,0.0
2352,0.0
2351,0.0
2350,0.0
2378,0.0
2377,0.0
2354,0.0
2449,0.0
2448,0.0
2447,0.0
2446,0.0
2445,0.0
2444,0.0
2442,0.0
2441,0.0
2439,0.0
2438,0.0
2437,0.0
2436,0.0
2435,0.0
2434,0.0
2408,0.0
2432,0.0
2454,0.0
2453,0.0
2452,0.0
2450,0.0
0657,0.0
0656,0.0
0655,0.0
0654,0.0
0652,0.0
0651,0.0
0649,0.0
0648,0.0
0647,0.0
2433,0.0
2406,0.0
2404,0.0
2403,0.0
0669,0.0
0668,0.0
0666,0.0
0665,0.0
0663,0.0
0658,0.0
2401,0.0
2400,0.0
2399,0.0
2398,0.0
2397,0.0
2410,0.0
2431,0.0
2430,0.0
2429,0.0
2428,0.0
2427,0.0
2426,0.0
2425,0.0
2423,0.0
2421,0.0
2420,0.0
2419,0.0
2416,0.0
2415,0.0
2412,0.0
2411,0.0
2396,0.0
